timestep,chain_0,chain_1,chain_2,chain_3,chain_4,chain_5,chain_6,chain_7,chain_8,chain_9
0,-0.0008113041714556149,-0.01507673585288351,-0.0031099993239131906,0.005949563924007842,0.00236630383341221,-0.000473260766682442,0.007504563585964438,0.008789128524102494,0.005273477114461497,-0.009059563247921032
1000,0.0018254343857751335,-0.011290649719423973,-0.0026367385572307485,0.009194780609830302,0.003650868771550267,0.001757825704820499,0.01210195389087959,0.00946521533364884,0.007301737543100534,-0.010411736867013724
2000,0.0018254343857751335,-0.010006084781285916,-0.00020282604286390372,0.011696301805151781,0.009397606652694205,0.00473260766682442,0.013116084105199108,0.010141302143195186,0.007707389628828341,-0.008518693800283956
