,control,magnetisation,mag_se,beta_factor,gradient,samp_frac,snapshot_num
0,no con,-0.19425796768305048,7.91510341808117e-06,8.0,10.0,0.0001,0.0
1,unif,-0.17171402880129807,1.0764714784949534e-05,8.0,10.0,0.0001,0.0
2,snapshot,0.011985017916300455,1.9080996884372194e-05,8.0,10.0,0.0001,0.0
0,no con,-0.18840717328104928,1.6325562954378518e-05,8.0,10.0,0.0001,0.0
1,unif,-0.17186368061659119,6.174311313444403e-06,8.0,10.0,0.0001,0.0
2,snapshot,-0.0037466297072544117,2.976896506602699e-05,8.0,10.0,0.0001,0.0
